Postcode,Country,First name,Last name,Email
CO7 0JY,GB,Sleve,McDichael,Jarrett_Vandervort@hotmail.com
DY6 7PG,GB,Onson,Sweemey,Antonio.Blanda20@gmail.com
NG11 9EG,GB,Darryl,Archideld,Owen46@yahoo.com
SA72 6RW,GB,Anatoli,Smorin,Mylene_Kris68@yahoo.com
PL25 4LP,GB,Rey,McSriff,Wilfred_Tillman-Okuneva@hotmail.com
G22 6NT,GB,Mike,Truk,Noah49@yahoo.com
BH12 1EB,GB,Todd,Bonzalez,Nia.Reinger11@hotmail.com
TN38 9JA,GB,Mario,McRlwain,Gerda67@hotmail.com
DL10 6ED,GB,Raul,Chamgerlain,Destiney_Gutmann45@gmail.com
AL5 5LU,GB,Kevin,Nogilny,Oswaldo_Schmidt@hotmail.com
BD4 0BT,GB,Tony,Smehrik,Wendell96@yahoo.com
WV14 0BY,GB,Bobson,Dugnutt,Max_Marks@yahoo.com
TW14 8HS,GB,Willie,Dustice,Dee9@yahoo.com
HP5 1JP,GB,Jeromy,Gride,Kathlyn.Kunze-Kiehn46@gmail.com
EH53 0FL,GB,Scott,Dourque,Ulises78@yahoo.com
TN12 5JL,GB,Shown,Furcotte,Adan51@hotmail.com
DN21 4RF,GB,Dean,Wesrey,Dimitri_Kunze3@gmail.com
FY7 8RQ,GB,Glenallen,Mixon,Clarissa88@yahoo.com
CV6 6BF,GB,Dwigt,Rortugal,Jimmie_Dickens40@yahoo.com
LL75 8AJ,GB,Tim,Sandaele,Jamir_Dooley95@gmail.com
CF62 6RD,GB,Karl,Dandleton,Nicklaus_Rau@yahoo.com
EH3 9LY,GB,Mike,Serandez,Brad80@hotmail.com
PO16 8LF,GB,Flo,Wilderman,Toney44@yahoo.com
BR6 0EQ,GB,Johnny,Marquardt,Hillary54@gmail.com
FY8 4HX,GB,Angeline,Sanford,Reynold_Marquardt29@gmail.com
G71 8SW,GB,Aniyah,DuBuque,Vicenta18@yahoo.com
PH2 6SA,GB,Haskell,Botsford,Lesley.Torphy42@gmail.com
ST18 9BL,GB,Kieran,Erdman,Asia_Hayes@hotmail.com
N6 5SY,GB,Herman,Crooks,Lolita_Nitzsche53@gmail.com
HR2 6BP,GB,Edwin,Nicolas,Tiara44@yahoo.com
BH15 2DR,GB,Emil,Powlowski,Quinton_Cruickshank71@hotmail.com
GL52 9FA,GB,Pietro,Langworth,Nayeli_Donnelly52@yahoo.com
AB30 1TS,GB,Idell,Hodkiewicz,Alphonso_Huel83@gmail.com
KA4 8NL,GB,Lera,Fisher,Jaylen.Ratke22@yahoo.com
IG1 2TF,GB,Shanna,Kautzer,Glen.Kuhn7@yahoo.com
SO41 6ED,GB,Elena,Grant,Adolf_Dicki26@hotmail.com
B26 2JB,GB,Bernita,Wunsch,Colin_Bechtelar@hotmail.com
G43 2XF,GB,Edmond,Oberbrunner-Durgan,Paxton.Erdman5@yahoo.com
HR7 4BQ,GB,Reta,Kulas,Peyton.MacGyver5@yahoo.com
CH3 6AQ,GB,Jayne,Stoltenberg,Mateo.Runolfsdottir5@gmail.com
EH48 2DL,GB,Geraldine,Cole,Fred.Waters27@yahoo.com
NN9 5FD,GB,Kayla,Frami,Raegan.Wehner55@gmail.com
GL8 8EA,GB,Dion,Hettinger,Sierra54@hotmail.com
WC1R 4PA,GB,Everette,Feeney,Eugenia38@yahoo.com
TS13 5EJ,GB,Madeline,Littel,Iva.Ward56@yahoo.com
BS11 9QG,GB,Emie,Kunde,Twila65@yahoo.com
OX28 5JL,GB,Darren,Dickinson,Arne.Schuppe52@hotmail.com
GU46 6HD,GB,Alfonso,Braun,Ulices13@gmail.com
DN5 9TF,GB,Karson,Cruickshank,Cullen_Skiles@yahoo.com
M20 4TZ,GB,Tate,Thiel,Lou34@gmail.com
LS11 6JZ,GB,Oswald,Reichert,Herminio83@gmail.com
DN14 6LR,GB,Fabiola,Stamm,Newell.Swift48@hotmail.com
PA2 0LA,GB,Santiago,Goldner,Wellington_Brekke@yahoo.com
HA9 8TS,GB,Freddie,Rath,Waino.Quigley84@gmail.com
SK13 8RT,GB,Abe,Strosin,Eleonore_Prohaska18@gmail.com
CB5 8JF,GB,Carlotta,Bergnaum,Frida48@yahoo.com
DE22 3TG,GB,Rowland,Lebsack,Ricky.Runte61@hotmail.com
RG4 6AF,GB,Elisa,Huel,Bridie_Watsica52@gmail.com
BA11 3PP,GB,Dell,Kessler,Hettie.Boyer28@hotmail.com
BN1 3AR,GB,Ezra,Bauch,Darian.Bogan43@hotmail.com
DD8 3EF,GB,Litzy,Kling,Wilmer_Luettgen@gmail.com
NG23 5JG,GB,Chester,Gleason,Wava_Hirthe@yahoo.com
CB22 4QH,GB,Amaya,Little,Casey_Schulist@gmail.com
OX20 1AU,GB,Annalise,Block,Nedra.McGlynn4@hotmail.com
UB11 1ET,GB,Sidney,Kunze,Alessia.Farrell60@yahoo.com
L16 8NB,GB,Zachery,Farrell,Gerald.Stokes44@gmail.com
SN3 3RJ,GB,Litzy,Quigley,Krystel.Haley@hotmail.com
CV10 9JZ,GB,Cyril,Ondricka,Eliseo_Donnelly26@yahoo.com
SM4 4EP,GB,Telly,Christiansen,Jacky_Smitham@hotmail.com
CV10 8JP,GB,Arden,Kreiger,Emilia_Mann9@hotmail.com
BS20 6JN,GB,Florencio,White,Rafael6@gmail.com
SS9 5LF,GB,Daryl,Shields,Emilio69@yahoo.com
LL21 9AH,GB,Cali,Becker,Hilma_Welch@hotmail.com
TQ1 2BE,GB,Heidi,Lehner,Modesta_Konopelski-Carter@gmail.com
SE8 4LP,GB,Elinor,Mills,Eva86@yahoo.com
WR2 4GA,GB,Modesto,Hegmann,Sunny.Hirthe@gmail.com
HD4 5DH,GB,Rae,Casper,Angela65@gmail.com
HD3 3SN,GB,Finn,Goodwin,Kathryn_Goodwin@hotmail.com
NE6 2UY,GB,Hattie,Batz,Bo97@gmail.com
CB24 9HZ,GB,Lew,Johnson,Roselyn_Howe63@hotmail.com
HU10 7UJ,GB,Estell,Kerluke,Kenyon.Schiller-Ruecker@hotmail.com
RG1 8AE,GB,Reyes,Lebsack,Andreane22@hotmail.com
IG10 1NN,GB,Elaina,Mann,Mohammad.Harvey74@hotmail.com
MK16 9TG,GB,Emily,Gerlach,Casandra.Lindgren@hotmail.com
RG30 4SG,GB,Dedrick,Kerluke,Marjory_Runolfsson64@gmail.com
SK8 6SA,GB,Jana,Dickinson,Dion.McKenzie-Conn12@yahoo.com
KY15 4RD,GB,Koby,Ankunding,Lisandro_Wehner26@gmail.com
CA17 4SW,GB,Alexandra,Wiegand,Murphy_Zboncak82@yahoo.com
SN7 8RS,GB,Mozelle,Bosco,Jess_Mraz@gmail.com
LS27 7JS,GB,Cindy,Ondricka,Della_Prosacco@yahoo.com
NP7 6DW,GB,Gina,Swift,Wilton_Buckridge41@gmail.com
BD11 1AS,GB,Misty,Lueilwitz,Isac.Pacocha@yahoo.com
GL51 3PQ,GB,Marques,Fadel,Brant_Durgan@hotmail.com
CR0 3SS,GB,Ezequiel,Thiel,Edythe.Stracke1@yahoo.com
BA3 3HF,GB,Bessie,Stiedemann,Jacquelyn99@gmail.com
EH9 2HT,GB,Ken,Keeling,Johanna_Hansen63@yahoo.com
CF44 6BA,GB,Nigel,Spinka,Stone.Emard35@yahoo.com
SE9 1AB,GB,Jennie,Oberbrunner,Dayna.Nolan@hotmail.com
L30 7QQ,GB,Elyssa,Macejkovic,Kaitlin89@yahoo.com
TN6 2DP,GB,Dusty,Cormier,Burdette_Medhurst76@hotmail.com
SE17 1NJ,GB,Wilburn,Grimes,Eugene.Nitzsche@gmail.com
S70 4DW,GB,Hanna,Feest,Filiberto_Sipes17@gmail.com
B74 3HW,GB,Vivien,Mayer,Quentin_Walker99@yahoo.com
HD5 0NW,GB,Gerhard,Prosacco-Bosco,Margret_Russel@yahoo.com
CW11 2AF,GB,Alva,Satterfield,Alva.Smitham93@gmail.com
EH10 5TQ,GB,Green,Smitham,Rudy76@gmail.com
BS16 9RD,GB,Karianne,Larson-Trantow,Emanuel93@gmail.com
LS13 3RP,GB,Robb,McGlynn,Kelli51@hotmail.com
B30 2XD,GB,Valentin,Wilkinson,Wilfred_Ritchie@gmail.com
DL2 3HW,GB,Eden,Weber,Enoch.Hermiston24@gmail.com
CH64 9WD,GB,Ansel,Ruecker,Randy59@yahoo.com
ME8 7EH,GB,Otha,Keebler,Winfield.Gorczany73@hotmail.com
DL14 8SG,GB,Rebeka,Thiel,Vivianne_Carter@hotmail.com
CM23 3DH,GB,Jayce,Kautzer,Andre9@gmail.com
PH2 9PP,GB,Jordon,Schmitt,Harmony32@gmail.com
DE21 4DA,GB,Sven,Sipes,Wilfred_Bailey@yahoo.com
MK16 0HU,GB,Malvina,Weber,Wilbert_Williamson@hotmail.com
BS9 3PY,GB,Faye,Rowe,Kiley_Torphy67@hotmail.com
RH4 3DS,GB,Johann,Morissette,Brianne.Legros92@yahoo.com
L18 4PL,GB,Llewellyn,Abshire,Beau.Mohr@hotmail.com
NR4 6XU,GB,Wyman,Bayer,Felton.Torphy@gmail.com
KT10 0RD,GB,Jaylen,Miller,Marlee0@hotmail.com
HU18 1TS,GB,Halie,Sanford,Tiara93@yahoo.com
NR26 8LJ,GB,Selena,Huel,Marjorie48@gmail.com
PE20 1AS,GB,Vicenta,Bradtke,Taya37@yahoo.com
PE10 0FF,GB,Wilfrid,Bergnaum,Amira.Feeney4@gmail.com
ME13 9FU,GB,Faustino,Gottlieb,Mckenna_Adams31@yahoo.com
KA3 4EW,GB,Franco,Friesen,Chaya_Pollich68@gmail.com
CO3 0QZ,GB,Lelah,Dietrich,Hilario_VonRueden31@gmail.com
G15 6AT,GB,Sincere,Wolff,Caleigh_Upton@hotmail.com
TF2 9HA,GB,Stacey,Stoltenberg,Lacy.Klocko@hotmail.com
SS2 6DA,GB,Dillon,Koch,Daphney_Heidenreich86@yahoo.com
CA14 3NQ,GB,Aidan,Osinski,Brannon.Schmidt68@yahoo.com
LS9 0BT,GB,Dangelo,Glover,Cassandra72@gmail.com
AB54 7SA,GB,Bernice,Nienow,Candice.Fadel13@gmail.com
FK16 6EP,GB,Jean,Jacobi,Aron_Crona@yahoo.com
CR2 6BY,GB,Raven,Haley,Desiree26@hotmail.com